{
  "0": {
    "0_0,0,0,0,1,1,1,1,1,1,1,1_2-2": 0.0
  },
  "1": {
    "0_0,0,0,0,1,1,1,1,1,1,1,1_2-2": 0.0
  },
  "2": {
    "0_0,0,0,0,1,1,1,1,1,1,1,1_2-2": 11.542569053766004
  },
  "3": {
    "0_0,0,0,0,1,1,1,1,1,1,1,1_2-2": 53.66949849958846
  },
  "4": {
    "0_0,0,0,0,1,1,1,1,1,1,1,1_2-2": 0.0
  },
  "5": {
    "0_0,0,0,0,1,1,1,1,1,1,1,1_2-2": 0.0
  },
  "6": {
    "0_0,0,0,0,1,1,1,1,1,1,1,1_2-2": 17.846872117161833
  },
  "7": {
    "0_0,0,0,0,1,1,1,1,1,1,1,1_2-2": 0.0
  },
  "8": {
    "0_0,0,0,0,1,1,1,1,1,1,1,1_2-2": 0.0
  },
  "9": {
    "0_0,0,0,0,1,1,1,1,1,1,1,1_2-2": 0.0
  },
  "10": {
    "0_0,0,0,0,1,1,1,1,1,1,1,1_2-2": 4.043511200474829
  },
  "11": {
    "0_0,0,0,0,1,1,1,1,1,1,1,1_2-2": 69.37306264358831
  },
  "12": {
    "0_0,0,0,0,1,1,1,1,1,1,1,1_2-2": 18.443279818413192
  },
  "13": {
    "0_0,0,0,0,1,1,1,1,1,1,1,1_2-2": 29.873801369680667
  },
  "14": {
    "0_0,0,0,0,1,1,1,1,1,1,1,1_2-2": 0.0
  },
  "15": {
    "0_0,0,0,0,1,1,1,1,1,1,1,1_2-2": 0.0
  },
  "16": {
    "0_0,0,0,0,1,1,1,1,1,1,1,1_2-2": 0.0
  },
  "17": {
    "0_0,0,0,0,1,1,1,1,1,1,1,1_2-2": 34.45008452825959
  },
  "18": {
    "0_0,0,0,0,1,1,1,1,1,1,1,1_2-2": 0.0
  },
  "19": {
    "0_0,0,0,0,1,1,1,1,1,1,1,1_2-2": 45.59172504401402
  }
}