{
  "0": {
    "0_0,0,0,0,1,1,1,1,1,1,1,1_2-2": 0.0
  },
  "1": {
    "0_0,0,0,0,1,1,1,1,1,1,1,1_2-2": 0.0
  },
  "2": {
    "0_0,0,0,0,1,1,1,1,1,1,1,1_2-2": 8.746693068918052
  },
  "3": {
    "0_0,0,0,0,1,1,1,1,1,1,1,1_2-2": 55.297220256896814
  },
  "4": {
    "0_0,0,0,0,1,1,1,1,1,1,1,1_2-2": 0.0
  },
  "5": {
    "0_0,0,0,0,1,1,1,1,1,1,1,1_2-2": 0.0
  },
  "6": {
    "0_0,0,0,0,1,1,1,1,1,1,1,1_2-2": 16.61637950724
  },
  "7": {
    "0_0,0,0,0,1,1,1,1,1,1,1,1_2-2": 0.0
  },
  "8": {
    "0_0,0,0,0,1,1,1,1,1,1,1,1_2-2": 0.0
  },
  "9": {
    "0_0,0,0,0,1,1,1,1,1,1,1,1_2-2": 0.0
  },
  "10": {
    "0_0,0,0,0,1,1,1,1,1,1,1,1_2-2": 28.685420272721263
  },
  "11": {
    "0_0,0,0,0,1,1,1,1,1,1,1,1_2-2": 67.04772940795797
  },
  "12": {
    "0_0,0,0,0,1,1,1,1,1,1,1,1_2-2": 8.79422658749302
  },
  "13": {
    "0_0,0,0,0,1,1,1,1,1,1,1,1_2-2": 13.290315013821285
  },
  "14": {
    "0_0,0,0,0,1,1,1,1,1,1,1,1_2-2": 0.0
  },
  "15": {
    "0_0,0,0,0,1,1,1,1,1,1,1,1_2-2": 0.0
  },
  "16": {
    "0_0,0,0,0,1,1,1,1,1,1,1,1_2-2": 0.0
  },
  "17": {
    "0_0,0,0,0,1,1,1,1,1,1,1,1_2-2": 34.45008452825961
  },
  "18": {
    "0_0,0,0,0,1,1,1,1,1,1,1,1_2-2": 0.0
  },
  "19": {
    "0_0,0,0,0,1,1,1,1,1,1,1,1_2-2": 38.79406229258493
  }
}