{
  "0": {
    "0_0,0,0,0,1,1,1,1,1,1,1,1_2-2": 0.010024163026007652
  },
  "1": {
    "0_0,0,0,0,1,1,1,1,1,1,1,1_2-2": 9.590395225759607
  },
  "2": {
    "0_0,0,0,0,1,1,1,1,1,1,1,1_2-2": 54.33696912650178
  },
  "3": {
    "0_0,0,0,0,1,1,1,1,1,1,1,1_2-2": 13.626135793915275
  },
  "4": {
    "0_0,0,0,0,1,1,1,1,1,1,1,1_2-2": 46.188243803594375
  },
  "5": {
    "0_0,0,0,0,1,1,1,1,1,1,1,1_2-2": 52.23984265271035
  },
  "6": {
    "0_0,0,0,0,1,1,1,1,1,1,1,1_2-2": 1.3307431755907688
  },
  "7": {
    "0_0,0,0,0,1,1,1,1,1,1,1,1_2-2": 35.77700259866008
  },
  "8": {
    "0_0,0,0,0,1,1,1,1,1,1,1,1_2-2": 18.30371325386554
  },
  "9": {
    "0_0,0,0,0,1,1,1,1,1,1,1,1_2-2": 29.663575530242476
  },
  "10": {
    "0_0,0,0,0,1,1,1,1,1,1,1,1_2-2": 43.943472367392445
  },
  "11": {
    "0_0,0,0,0,1,1,1,1,1,1,1,1_2-2": 5.929755705254695
  },
  "12": {
    "0_0,0,0,0,1,1,1,1,1,1,1,1_2-2": 50.459336647815526
  },
  "13": {
    "0_0,0,0,0,1,1,1,1,1,1,1,1_2-2": 43.628914535968676
  },
  "14": {
    "0_0,0,0,0,1,1,1,1,1,1,1,1_2-2": 29.837035086605837
  },
  "15": {
    "0_0,0,0,0,1,1,1,1,1,1,1,1_2-2": 54.3836165166027
  },
  "16": {
    "0_0,0,0,0,1,1,1,1,1,1,1,1_2-2": 31.86577903306626
  },
  "17": {
    "0_0,0,0,0,1,1,1,1,1,1,1,1_2-2": 15.723295869458015
  },
  "18": {
    "0_0,0,0,0,1,1,1,1,1,1,1,1_2-2": 13.910597301504255
  },
  "19": {
    "0_0,0,0,0,1,1,1,1,1,1,1,1_2-2": 37.1700955754764
  },
  "20": {
    "0_0,0,0,0,1,1,1,1,1,1,1,1_2-2": 4.5844066891404545
  }
}