{
  "0": {
    "0_0,0,0,0,1,1,1,1,1,1,1,1_0-0": 0.011207354971846552
  },
  "1": {
    "0_0,0,0,0,1,1,1,1,1,1,1,1_0-0": 10.722387827943964
  },
  "2": {
    "0_0,0,0,0,1,1,1,1,1,1,1,1_0-0": 60.750578329082664
  },
  "3": {
    "0_0,0,0,0,1,1,1,1,1,1,1,1_0-0": 15.23448295291881
  },
  "4": {
    "0_0,0,0,0,1,1,1,1,1,1,1,1_0-0": 51.640026453085234
  },
  "5": {
    "0_0,0,0,0,1,1,1,1,1,1,1,1_0-0": 58.405919652676644
  },
  "6": {
    "0_0,0,0,0,1,1,1,1,1,1,1,1_0-0": 1.487816100607449
  },
  "7": {
    "0_0,0,0,0,1,1,1,1,1,1,1,1_0-0": 39.99990492089528
  },
  "8": {
    "0_0,0,0,0,1,1,1,1,1,1,1,1_0-0": 20.464173538153602
  },
  "9": {
    "0_0,0,0,0,1,1,1,1,1,1,1,1_0-0": 33.164885670660766
  },
  "10": {
    "0_0,0,0,0,1,1,1,1,1,1,1,1_0-0": 49.13029569043656
  },
  "11": {
    "0_0,0,0,0,1,1,1,1,1,1,1,1_0-0": 6.629668423458353
  },
  "12": {
    "0_0,0,0,0,1,1,1,1,1,1,1,1_0-0": 56.41525342203094
  },
  "13": {
    "0_0,0,0,0,1,1,1,1,1,1,1,1_0-0": 48.778609343477335
  },
  "14": {
    "0_0,0,0,0,1,1,1,1,1,1,1,1_0-0": 33.35881935034849
  },
  "15": {
    "0_0,0,0,0,1,1,1,1,1,1,1,1_0-0": 60.80273169670198
  },
  "16": {
    "0_0,0,0,0,1,1,1,1,1,1,1,1_0-0": 35.62702403696184
  },
  "17": {
    "0_0,0,0,0,1,1,1,1,1,1,1,1_0-0": 17.57917919722489
  },
  "18": {
    "0_0,0,0,0,1,1,1,1,1,1,1,1_0-0": 15.552520586894326
  },
  "19": {
    "0_0,0,0,0,1,1,1,1,1,1,1,1_0-0": 41.5574302184647
  },
  "20": {
    "0_0,0,0,0,1,1,1,1,1,1,1,1_0-0": 5.1255224967114
  }
}