{
  "0": {
    "0_0,0,0,0,1,1,1,1,1,1,1,1_2-2": 0.010024163026007638
  },
  "1": {
    "0_0,0,0,0,1,1,1,1,1,1,1,1_2-2": 9.590395225759616
  },
  "2": {
    "0_0,0,0,0,1,1,1,1,1,1,1,1_2-2": 54.33696912650179
  },
  "3": {
    "0_0,0,0,0,1,1,1,1,1,1,1,1_2-2": 13.626135793915267
  },
  "4": {
    "0_0,0,0,0,1,1,1,1,1,1,1,1_2-2": 46.188243803594425
  },
  "5": {
    "0_0,0,0,0,1,1,1,1,1,1,1,1_2-2": 52.23984265271039
  },
  "6": {
    "0_0,0,0,0,1,1,1,1,1,1,1,1_2-2": 1.3307431755907682
  },
  "7": {
    "0_0,0,0,0,1,1,1,1,1,1,1,1_2-2": 35.77700259866008
  },
  "8": {
    "0_0,0,0,0,1,1,1,1,1,1,1,1_2-2": 18.30371325386554
  },
  "9": {
    "0_0,0,0,0,1,1,1,1,1,1,1,1_2-2": 29.663575530242493
  },
  "10": {
    "0_0,0,0,0,1,1,1,1,1,1,1,1_2-2": 43.94347236739251
  },
  "11": {
    "0_0,0,0,0,1,1,1,1,1,1,1,1_2-2": 5.929755705254702
  },
  "12": {
    "0_0,0,0,0,1,1,1,1,1,1,1,1_2-2": 50.45933664781558
  },
  "13": {
    "0_0,0,0,0,1,1,1,1,1,1,1,1_2-2": 43.62891453596864
  },
  "14": {
    "0_0,0,0,0,1,1,1,1,1,1,1,1_2-2": 29.837035086605823
  },
  "15": {
    "0_0,0,0,0,1,1,1,1,1,1,1,1_2-2": 54.38361651660262
  },
  "16": {
    "0_0,0,0,0,1,1,1,1,1,1,1,1_2-2": 31.86577903306623
  },
  "17": {
    "0_0,0,0,0,1,1,1,1,1,1,1,1_2-2": 15.723295869458001
  },
  "18": {
    "0_0,0,0,0,1,1,1,1,1,1,1,1_2-2": 13.910597301504263
  },
  "19": {
    "0_0,0,0,0,1,1,1,1,1,1,1,1_2-2": 37.17009557547644
  },
  "20": {
    "0_0,0,0,0,1,1,1,1,1,1,1,1_2-2": 4.584406689140455
  }
}