{
  "0": {
    "0_0,0,0,0,1,1,1,1,1,1,1,1_0-0": 0.011207354971846535
  },
  "1": {
    "0_0,0,0,0,1,1,1,1,1,1,1,1_0-0": 10.722387827943974
  },
  "2": {
    "0_0,0,0,0,1,1,1,1,1,1,1,1_0-0": 60.750578329082686
  },
  "3": {
    "0_0,0,0,0,1,1,1,1,1,1,1,1_0-0": 15.234482952918802
  },
  "4": {
    "0_0,0,0,0,1,1,1,1,1,1,1,1_0-0": 51.64002645308529
  },
  "5": {
    "0_0,0,0,0,1,1,1,1,1,1,1,1_0-0": 58.40591965267668
  },
  "6": {
    "0_0,0,0,0,1,1,1,1,1,1,1,1_0-0": 1.4878161006074482
  },
  "7": {
    "0_0,0,0,0,1,1,1,1,1,1,1,1_0-0": 39.99990492089528
  },
  "8": {
    "0_0,0,0,0,1,1,1,1,1,1,1,1_0-0": 20.464173538153606
  },
  "9": {
    "0_0,0,0,0,1,1,1,1,1,1,1,1_0-0": 33.164885670660794
  },
  "10": {
    "0_0,0,0,0,1,1,1,1,1,1,1,1_0-0": 49.130295690436625
  },
  "11": {
    "0_0,0,0,0,1,1,1,1,1,1,1,1_0-0": 6.6296684234583605
  },
  "12": {
    "0_0,0,0,0,1,1,1,1,1,1,1,1_0-0": 56.415253422031
  },
  "13": {
    "0_0,0,0,0,1,1,1,1,1,1,1,1_0-0": 48.77860934347729
  },
  "14": {
    "0_0,0,0,0,1,1,1,1,1,1,1,1_0-0": 33.358819350348476
  },
  "15": {
    "0_0,0,0,0,1,1,1,1,1,1,1,1_0-0": 60.80273169670189
  },
  "16": {
    "0_0,0,0,0,1,1,1,1,1,1,1,1_0-0": 35.6270240369618
  },
  "17": {
    "0_0,0,0,0,1,1,1,1,1,1,1,1_0-0": 17.579179197224875
  },
  "18": {
    "0_0,0,0,0,1,1,1,1,1,1,1,1_0-0": 15.552520586894333
  },
  "19": {
    "0_0,0,0,0,1,1,1,1,1,1,1,1_0-0": 41.55743021846474
  },
  "20": {
    "0_0,0,0,0,1,1,1,1,1,1,1,1_0-0": 5.125522496711403
  }
}