{
  "0": {
    "0_0,0,0,0,1,1,1,1,1,1,1,1_2-2": 0.00920545259306558
  },
  "1": {
    "0_0,0,0,0,1,1,1,1,1,1,1,1_2-2": 8.428414899863263
  },
  "2": {
    "0_0,0,0,0,1,1,1,1,1,1,1,1_2-2": 53.93234844209801
  },
  "3": {
    "0_0,0,0,0,1,1,1,1,1,1,1,1_2-2": 10.244093301046947
  },
  "4": {
    "0_0,0,0,0,1,1,1,1,1,1,1,1_2-2": 44.16586093173816
  },
  "5": {
    "0_0,0,0,0,1,1,1,1,1,1,1,1_2-2": 39.66736805375331
  },
  "6": {
    "0_0,0,0,0,1,1,1,1,1,1,1,1_2-2": 1.288755349230337
  },
  "7": {
    "0_0,0,0,0,1,1,1,1,1,1,1,1_2-2": 32.42053999535891
  },
  "8": {
    "0_0,0,0,0,1,1,1,1,1,1,1,1_2-2": 15.82537023088553
  },
  "9": {
    "0_0,0,0,0,1,1,1,1,1,1,1,1_2-2": 27.42348149133499
  },
  "10": {
    "0_0,0,0,0,1,1,1,1,1,1,1,1_2-2": 41.998029391013354
  },
  "11": {
    "0_0,0,0,0,1,1,1,1,1,1,1,1_2-2": 5.143056275336559
  },
  "12": {
    "0_0,0,0,0,1,1,1,1,1,1,1,1_2-2": 37.84562050549395
  },
  "13": {
    "0_0,0,0,0,1,1,1,1,1,1,1,1_2-2": 38.17116182918849
  },
  "14": {
    "0_0,0,0,0,1,1,1,1,1,1,1,1_2-2": 24.17843896562674
  },
  "15": {
    "0_0,0,0,0,1,1,1,1,1,1,1,1_2-2": 44.465234291764055
  },
  "16": {
    "0_0,0,0,0,1,1,1,1,1,1,1,1_2-2": 29.751823796396
  },
  "17": {
    "0_0,0,0,0,1,1,1,1,1,1,1,1_2-2": 15.479260730779757
  },
  "18": {
    "0_0,0,0,0,1,1,1,1,1,1,1,1_2-2": 12.379721890470755
  },
  "19": {
    "0_0,0,0,0,1,1,1,1,1,1,1,1_2-2": 37.163957097717045
  },
  "20": {
    "0_0,0,0,0,1,1,1,1,1,1,1,1_2-2": 3.4450671525674474
  }
}