{
  "0": {
    "0_0,0,0,0,1,1,1,1,1,1,1,1_2-2": 0.010023942784780204
  },
  "1": {
    "0_0,0,0,0,1,1,1,1,1,1,1,1_2-2": 7.193036228243267
  },
  "2": {
    "0_0,0,0,0,1,1,1,1,1,1,1,1_2-2": 53.88796751041536
  },
  "3": {
    "0_0,0,0,0,1,1,1,1,1,1,1,1_2-2": 13.145002294613903
  },
  "4": {
    "0_0,0,0,0,1,1,1,1,1,1,1,1_2-2": 40.88816001843634
  },
  "5": {
    "0_0,0,0,0,1,1,1,1,1,1,1,1_2-2": 44.23355579830165
  },
  "6": {
    "0_0,0,0,0,1,1,1,1,1,1,1,1_2-2": 1.05278591629042
  },
  "7": {
    "0_0,0,0,0,1,1,1,1,1,1,1,1_2-2": 29.44697344809543
  },
  "8": {
    "0_0,0,0,0,1,1,1,1,1,1,1,1_2-2": 14.429729363731
  },
  "9": {
    "0_0,0,0,0,1,1,1,1,1,1,1,1_2-2": 27.89464683000154
  },
  "10": {
    "0_0,0,0,0,1,1,1,1,1,1,1,1_2-2": 43.92816166108371
  },
  "11": {
    "0_0,0,0,0,1,1,1,1,1,1,1,1_2-2": 4.4993580381948854
  },
  "12": {
    "0_0,0,0,0,1,1,1,1,1,1,1,1_2-2": 43.99274385956851
  },
  "13": {
    "0_0,0,0,0,1,1,1,1,1,1,1,1_2-2": 43.62063019763649
  },
  "14": {
    "0_0,0,0,0,1,1,1,1,1,1,1,1_2-2": 28.460086107880162
  },
  "15": {
    "0_0,0,0,0,1,1,1,1,1,1,1,1_2-2": 46.613175706194426
  },
  "16": {
    "0_0,0,0,0,1,1,1,1,1,1,1,1_2-2": 31.34611026683566
  },
  "17": {
    "0_0,0,0,0,1,1,1,1,1,1,1,1_2-2": 15.698786885412282
  },
  "18": {
    "0_0,0,0,0,1,1,1,1,1,1,1,1_2-2": 10.542610261048148
  },
  "19": {
    "0_0,0,0,0,1,1,1,1,1,1,1,1_2-2": 28.877254161798927
  },
  "20": {
    "0_0,0,0,0,1,1,1,1,1,1,1,1_2-2": 3.9035042475412722
  }
}