{
  "0": {},
  "1": {},
  "2": {
    "0_0,0,0,0,1,1,1,1,1,1,1,1_2-2": 1.293023596039554
  },
  "3": {
    "0_0,0,0,0,1,1,1,1,1,1,1,1_2-2": 1.699330347959054
  },
  "4": {},
  "5": {},
  "6": {
    "0_0,0,0,0,1,1,1,1,1,1,1,1_2-2": 0.42475519768258163
  },
  "7": {},
  "8": {},
  "9": {},
  "10": {
    "0_0,0,0,0,1,1,1,1,1,1,1,1_2-2": 0.9082627297843838
  },
  "11": {
    "0_0,0,0,0,1,1,1,1,1,1,1,1_2-2": 1.5637844760545678
  },
  "12": {
    "0_0,0,0,0,1,1,1,1,1,1,1,1_2-2": 0.5563346908266724
  },
  "13": {
    "0_0,0,0,0,1,1,1,1,1,1,1,1_2-2": 0.3607792360792449
  },
  "14": {},
  "15": {},
  "16": {},
  "17": {
    "0_0,0,0,0,1,1,1,1,1,1,1,1_2-2": 1.090788544056828
  },
  "18": {},
  "19": {
    "0_0,0,0,0,1,1,1,1,1,1,1,1_2-2": 1.7579932678505261
  }
}