{
  "0": {},
  "1": {},
  "2": {
    "0_0,0,0,0,1,1,1,1,1,1,1,1_2-2": 1.2930235960395537
  },
  "3": {
    "0_0,0,0,0,1,1,1,1,1,1,1,1_2-2": 1.6993303479590547
  },
  "4": {},
  "5": {},
  "6": {
    "0_0,0,0,0,1,1,1,1,1,1,1,1_2-2": 0.42475519768258146
  },
  "7": {},
  "8": {},
  "9": {},
  "10": {
    "0_0,0,0,0,1,1,1,1,1,1,1,1_2-2": 0.9082627297843853
  },
  "11": {
    "0_0,0,0,0,1,1,1,1,1,1,1,1_2-2": 1.5637844760545687
  },
  "12": {
    "0_0,0,0,0,1,1,1,1,1,1,1,1_2-2": 0.5563346908266721
  },
  "13": {
    "0_0,0,0,0,1,1,1,1,1,1,1,1_2-2": 0.3607792360792446
  },
  "14": {},
  "15": {},
  "16": {},
  "17": {
    "0_0,0,0,0,1,1,1,1,1,1,1,1_2-2": 1.0907885440568281
  },
  "18": {},
  "19": {
    "0_0,0,0,0,1,1,1,1,1,1,1,1_2-2": 1.757993267850524
  }
}